{
  "REGISTER" : {
    "transaction" : "REGISTER",
    "sampleCount" : 1,
    "errorCount" : 0,
    "errorPct" : 0.0,
    "meanResTime" : 1194.0,
    "medianResTime" : 1194.0,
    "minResTime" : 1194.0,
    "maxResTime" : 1194.0,
    "pct1ResTime" : 1194.0,
    "pct2ResTime" : 1194.0,
    "pct3ResTime" : 1194.0,
    "throughput" : 0.8375209380234506,
    "receivedKBytesPerSec" : 0.3827732412060302,
    "sentKBytesPerSec" : 0.2200128245393635
  },
  "CHANGE PASSWORD" : {
    "transaction" : "CHANGE PASSWORD",
    "sampleCount" : 1,
    "errorCount" : 0,
    "errorPct" : 0.0,
    "meanResTime" : 444.0,
    "medianResTime" : 444.0,
    "minResTime" : 444.0,
    "maxResTime" : 444.0,
    "pct1ResTime" : 444.0,
    "pct2ResTime" : 444.0,
    "pct3ResTime" : 444.0,
    "throughput" : 2.2522522522522523,
    "receivedKBytesPerSec" : 1.0183523367117118,
    "sentKBytesPerSec" : 0.6862331081081081
  },
  "EMPLOYESS" : {
    "transaction" : "EMPLOYESS",
    "sampleCount" : 1,
    "errorCount" : 0,
    "errorPct" : 0.0,
    "meanResTime" : 1902.0,
    "medianResTime" : 1902.0,
    "minResTime" : 1902.0,
    "maxResTime" : 1902.0,
    "pct1ResTime" : 1902.0,
    "pct2ResTime" : 1902.0,
    "pct3ResTime" : 1902.0,
    "throughput" : 0.5257623554153522,
    "receivedKBytesPerSec" : 47.890583924815985,
    "sentKBytesPerSec" : 0.09087884463722398
  },
  "DASHBOARD DIR" : {
    "transaction" : "DASHBOARD DIR",
    "sampleCount" : 1,
    "errorCount" : 0,
    "errorPct" : 0.0,
    "meanResTime" : 290.0,
    "medianResTime" : 290.0,
    "minResTime" : 290.0,
    "maxResTime" : 290.0,
    "pct1ResTime" : 290.0,
    "pct2ResTime" : 290.0,
    "pct3ResTime" : 290.0,
    "throughput" : 3.4482758620689653,
    "receivedKBytesPerSec" : 6.997575431034483,
    "sentKBytesPerSec" : 0.6734913793103449
  },
  "FORGOT PASSWORD" : {
    "transaction" : "FORGOT PASSWORD",
    "sampleCount" : 1,
    "errorCount" : 0,
    "errorPct" : 0.0,
    "meanResTime" : 1060.0,
    "medianResTime" : 1060.0,
    "minResTime" : 1060.0,
    "maxResTime" : 1060.0,
    "pct1ResTime" : 1060.0,
    "pct2ResTime" : 1060.0,
    "pct3ResTime" : 1060.0,
    "throughput" : 0.9433962264150944,
    "receivedKBytesPerSec" : 0.4265551297169811,
    "sentKBytesPerSec" : 0.22479363207547168
  },
  "DETAIL EMPLOYESS" : {
    "transaction" : "DETAIL EMPLOYESS",
    "sampleCount" : 1,
    "errorCount" : 0,
    "errorPct" : 0.0,
    "meanResTime" : 268.0,
    "medianResTime" : 268.0,
    "minResTime" : 268.0,
    "maxResTime" : 268.0,
    "pct1ResTime" : 268.0,
    "pct2ResTime" : 268.0,
    "pct3ResTime" : 268.0,
    "throughput" : 3.7313432835820897,
    "receivedKBytesPerSec" : 4.547574626865671,
    "sentKBytesPerSec" : 0.6595440764925373
  },
  "DASHBOARD EMP" : {
    "transaction" : "DASHBOARD EMP",
    "sampleCount" : 1,
    "errorCount" : 0,
    "errorPct" : 0.0,
    "meanResTime" : 268.0,
    "medianResTime" : 268.0,
    "minResTime" : 268.0,
    "maxResTime" : 268.0,
    "pct1ResTime" : 268.0,
    "pct2ResTime" : 268.0,
    "pct3ResTime" : 268.0,
    "throughput" : 3.7313432835820897,
    "receivedKBytesPerSec" : 2.1098122667910446,
    "sentKBytesPerSec" : 0.6996268656716418
  },
  "Total" : {
    "transaction" : "Total",
    "sampleCount" : 13,
    "errorCount" : 0,
    "errorPct" : 0.0,
    "meanResTime" : 550.3846153846154,
    "medianResTime" : 278.0,
    "minResTime" : 262.0,
    "maxResTime" : 1902.0,
    "pct1ResTime" : 1618.7999999999997,
    "pct2ResTime" : 1902.0,
    "pct3ResTime" : 1902.0,
    "throughput" : 1.8148820326678765,
    "receivedKBytesPerSec" : 14.079787187630881,
    "sentKBytesPerSec" : 0.48357771708781233
  },
  "ALL GRADES BY LEVEL" : {
    "transaction" : "ALL GRADES BY LEVEL",
    "sampleCount" : 1,
    "errorCount" : 0,
    "errorPct" : 0.0,
    "meanResTime" : 263.0,
    "medianResTime" : 263.0,
    "minResTime" : 263.0,
    "maxResTime" : 263.0,
    "pct1ResTime" : 263.0,
    "pct2ResTime" : 263.0,
    "pct3ResTime" : 263.0,
    "throughput" : 3.802281368821293,
    "receivedKBytesPerSec" : 3.211888070342205,
    "sentKBytesPerSec" : 0.7092145912547528
  },
  "LOGIN" : {
    "transaction" : "LOGIN",
    "sampleCount" : 1,
    "errorCount" : 0,
    "errorPct" : 0.0,
    "meanResTime" : 386.0,
    "medianResTime" : 386.0,
    "minResTime" : 386.0,
    "maxResTime" : 386.0,
    "pct1ResTime" : 386.0,
    "pct2ResTime" : 386.0,
    "pct3ResTime" : 386.0,
    "throughput" : 2.5906735751295336,
    "receivedKBytesPerSec" : 1.7127793069948185,
    "sentKBytesPerSec" : 0.6729679404145078
  },
  "ALL GRADES" : {
    "transaction" : "ALL GRADES",
    "sampleCount" : 1,
    "errorCount" : 0,
    "errorPct" : 0.0,
    "meanResTime" : 262.0,
    "medianResTime" : 262.0,
    "minResTime" : 262.0,
    "maxResTime" : 262.0,
    "pct1ResTime" : 262.0,
    "pct2ResTime" : 262.0,
    "pct3ResTime" : 262.0,
    "throughput" : 3.8167938931297707,
    "receivedKBytesPerSec" : 3.9248866889312977,
    "sentKBytesPerSec" : 0.6485567748091603
  },
  "DELETE EMPLOYESS" : {
    "transaction" : "DELETE EMPLOYESS",
    "sampleCount" : 1,
    "errorCount" : 0,
    "errorPct" : 0.0,
    "meanResTime" : 270.0,
    "medianResTime" : 270.0,
    "minResTime" : 270.0,
    "maxResTime" : 270.0,
    "pct1ResTime" : 270.0,
    "pct2ResTime" : 270.0,
    "pct3ResTime" : 270.0,
    "throughput" : 3.7037037037037037,
    "receivedKBytesPerSec" : 1.6746238425925926,
    "sentKBytesPerSec" : 0.7342303240740741
  },
  "CREATE EMPLOYESS" : {
    "transaction" : "CREATE EMPLOYESS",
    "sampleCount" : 1,
    "errorCount" : 0,
    "errorPct" : 0.0,
    "meanResTime" : 278.0,
    "medianResTime" : 278.0,
    "minResTime" : 278.0,
    "maxResTime" : 278.0,
    "pct1ResTime" : 278.0,
    "pct2ResTime" : 278.0,
    "pct3ResTime" : 278.0,
    "throughput" : 3.5971223021582737,
    "receivedKBytesPerSec" : 2.891046537769784,
    "sentKBytesPerSec" : 1.995278776978417
  },
  "UPDATE EMPLOYESS" : {
    "transaction" : "UPDATE EMPLOYESS",
    "sampleCount" : 1,
    "errorCount" : 0,
    "errorPct" : 0.0,
    "meanResTime" : 270.0,
    "medianResTime" : 270.0,
    "minResTime" : 270.0,
    "maxResTime" : 270.0,
    "pct1ResTime" : 270.0,
    "pct2ResTime" : 270.0,
    "pct3ResTime" : 270.0,
    "throughput" : 3.7037037037037037,
    "receivedKBytesPerSec" : 2.9658564814814814,
    "sentKBytesPerSec" : 2.061631944444444
  }
}