{
	"info": {
		"_postman_id": "b0c2f287-f6c0-4bf8-a15d-9ad81e81c329",
		"name": "GoldChallenge",
		"schema": "https://schema.getpostman.com/json/collection/v2.1.0/collection.json",
		"_exporter_id": "22711060"
	},
	"item": [
		{
			"name": "REGISTER",
			"event": [
				{
					"listen": "prerequest",
					"script": {
						"exec": [
							""
						],
						"type": "text/javascript"
					}
				}
			],
			"request": {
				"method": "POST",
				"header": [],
				"body": {
					"mode": "raw",
					"raw": "{\r\n  \"password\": \"students1234\",\r\n  \"username\": \"luw54476@xcoxc.com\"\r\n}",
					"options": {
						"raw": {
							"language": "json"
						}
					}
				},
				"url": {
					"raw": "{{base.url}}/auth/v1/register",
					"host": [
						"{{base.url}}"
					],
					"path": [
						"auth",
						"v1",
						"register"
					]
				}
			},
			"response": []
		},
		{
			"name": "LOGIN",
			"request": {
				"method": "POST",
				"header": [],
				"body": {
					"mode": "raw",
					"raw": "{\r\n  \"password\": \"students1234\",\r\n  \"username\": \"xhx42678@xcoxc.com\"\r\n}",
					"options": {
						"raw": {
							"language": "json"
						}
					}
				},
				"url": {
					"raw": "{{base.url}}/auth/v1/login",
					"host": [
						"{{base.url}}"
					],
					"path": [
						"auth",
						"v1",
						"login"
					]
				}
			},
			"response": []
		},
		{
			"name": "FORGOT PASSWORD",
			"request": {
				"method": "POST",
				"header": [],
				"body": {
					"mode": "raw",
					"raw": "{\r\n\"id\": 0,\r\n\"username\": \"xhx42678@xcoxc.com\"\r\n}",
					"options": {
						"raw": {
							"language": "json"
						}
					}
				},
				"url": {
					"raw": "{{base.url}}/auth/v1/forgot",
					"host": [
						"{{base.url}}"
					],
					"path": [
						"auth",
						"v1",
						"forgot"
					]
				}
			},
			"response": []
		},
		{
			"name": "CHANGE PASSWORD",
			"request": {
				"method": "POST",
				"header": [],
				"body": {
					"mode": "raw",
					"raw": "{\r\n\"id\": 0,\r\n\"new_password\": \"students1234\",\r\n\"old_password\": \"students1234\" ,\r\n\"username\": \"xhx42678@xcoxc.com\"\r\n}",
					"options": {
						"raw": {
							"language": "json"
						}
					}
				},
				"url": {
					"raw": "{{base.url}}/auth/v1/change",
					"host": [
						"{{base.url}}"
					],
					"path": [
						"auth",
						"v1",
						"change"
					]
				}
			},
			"response": []
		},
		{
			"name": "DASHBOARD EMP",
			"request": {
				"method": "GET",
				"header": [
					{
						"key": "Content-Type",
						"value": "application/json",
						"type": "text"
					}
				],
				"url": {
					"raw": "{{base.url}}/api/v1/dashboard?employeeid=12",
					"host": [
						"{{base.url}}"
					],
					"path": [
						"api",
						"v1",
						"dashboard"
					],
					"query": [
						{
							"key": "employeeid",
							"value": "12"
						}
					]
				}
			},
			"response": []
		},
		{
			"name": "DASHBOARD DIR",
			"request": {
				"method": "GET",
				"header": [
					{
						"key": "Content-Type",
						"value": "application/json",
						"type": "text"
					}
				],
				"url": {
					"raw": "{{base.url}}/api/v1/dashboard/direktur?employeeid=1",
					"host": [
						"{{base.url}}"
					],
					"path": [
						"api",
						"v1",
						"dashboard",
						"direktur"
					],
					"query": [
						{
							"key": "employeeid",
							"value": "1"
						}
					]
				}
			},
			"response": []
		},
		{
			"name": "ALL GRADES",
			"request": {
				"method": "GET",
				"header": [
					{
						"key": "Content-Type",
						"value": "application/json",
						"type": "text"
					}
				],
				"url": {
					"raw": "{{base.url}}/api/v1/grades",
					"host": [
						"{{base.url}}"
					],
					"path": [
						"api",
						"v1",
						"grades"
					]
				}
			},
			"response": []
		},
		{
			"name": "ALL GRADES BY LEVEL",
			"protocolProfileBehavior": {
				"disableBodyPruning": true
			},
			"request": {
				"method": "GET",
				"header": [
					{
						"key": "Content-Type",
						"value": "application/json",
						"type": "text"
					}
				],
				"body": {
					"mode": "raw",
					"raw": ""
				},
				"url": {
					"raw": "{{base.url}}/api/v1/grades/level?levelId=4",
					"host": [
						"{{base.url}}"
					],
					"path": [
						"api",
						"v1",
						"grades",
						"level"
					],
					"query": [
						{
							"key": "levelId",
							"value": "4"
						}
					]
				}
			},
			"response": []
		},
		{
			"name": "EMPLOYESS",
			"protocolProfileBehavior": {
				"disabledSystemHeaders": {}
			},
			"request": {
				"method": "GET",
				"header": [
					{
						"key": "Content-Type",
						"value": "application/json",
						"type": "text"
					}
				],
				"url": {
					"raw": "{{base.url}}/api/v1/employees",
					"host": [
						"{{base.url}}"
					],
					"path": [
						"api",
						"v1",
						"employees"
					]
				}
			},
			"response": []
		},
		{
			"name": "CREATE EMPLOYESS",
			"request": {
				"method": "POST",
				"header": [
					{
						"key": "Content-Type",
						"value": "application/json",
						"type": "text"
					}
				],
				"body": {
					"mode": "raw",
					"raw": "{\r\n  \"code\": \"9701240DS\",\r\n  \"education\": \"S1 TI\",\r\n  \"email\": \"ujicobatest111@gmail.com\",\r\n  \"employee_start_date\": \"2022-06-09T11:15:35.181Z\",\r\n  \"grade_id\": 6,\r\n  \"id\":300,\r\n  \"name\": \"andika bayangkara\",\r\n  \"phone\": \"123123123\",\r\n  \"position_desc\": \"asfasfadfadfadf\",\r\n  \"position_id\": 1,\r\n  \"position_start_date\": \"2022-06-09T11:15:35.181Z\",\r\n  \"spouse\": \"PLN\"\r\n}"
				},
				"url": {
					"raw": "{{base.url}}/api/v1/employees/",
					"host": [
						"{{base.url}}"
					],
					"path": [
						"api",
						"v1",
						"employees",
						""
					]
				}
			},
			"response": []
		},
		{
			"name": "DETAIL EMPLOYESS",
			"request": {
				"method": "GET",
				"header": [
					{
						"key": "Content-Type",
						"value": "application/json",
						"type": "text"
					}
				],
				"url": {
					"raw": "{{base.url}}/api/v1/employees/503",
					"host": [
						"{{base.url}}"
					],
					"path": [
						"api",
						"v1",
						"employees",
						"503"
					]
				}
			},
			"response": []
		},
		{
			"name": "UPDATE EMPLOYESS",
			"request": {
				"method": "PUT",
				"header": [
					{
						"key": "Content-Type",
						"value": "application/json",
						"type": "text"
					}
				],
				"body": {
					"mode": "raw",
					"raw": "{\r\n  \"code\": \"9701238DS\",\r\n  \"education\": \"S1 TI\",\r\n  \"email\": \"ujicobatest111@gmail.com\",\r\n  \"employee_start_date\": \"2022-06-09T11:15:35.181Z\",\r\n  \"grade_id\": 6,\r\n  \"id\":300,\r\n  \"name\": \"UJI COBA TEST UHUYYYYYYYYYYY\",\r\n  \"phone\": \"123123123\",\r\n  \"position_desc\": \"asfasfadfadfadf\",\r\n  \"position_id\": 1,\r\n  \"position_start_date\": \"2022-06-09T11:15:35.181Z\",\r\n  \"spouse\": \"PLN\"\r\n}"
				},
				"url": {
					"raw": "{{base.url}}/api/v1/employees/503",
					"host": [
						"{{base.url}}"
					],
					"path": [
						"api",
						"v1",
						"employees",
						"503"
					]
				}
			},
			"response": []
		},
		{
			"name": "EMPLOYESS",
			"request": {
				"method": "DELETE",
				"header": [
					{
						"key": "Content-Type",
						"value": "application/json",
						"type": "text"
					}
				],
				"url": {
					"raw": "{{base.url}}/api/v1/employees/511",
					"host": [
						"{{base.url}}"
					],
					"path": [
						"api",
						"v1",
						"employees",
						"511"
					]
				}
			},
			"response": []
		}
	]
}